movieId,avg_rating,total_ratings
1189,5.0,3
1500,5.0,2
1201,5.0,1
1293,5.0,3
1653,5.0,1
1122,5.0,1
814,5.0,1
1467,5.0,2
1536,5.0,1
1599,5.0,1
1449,4.625,8
1642,4.5,2
1594,4.5,2
119,4.5,4
1398,4.5,2
408,4.491071428571429,112
318,4.466442953020135,298
169,4.466101694915254,118
483,4.45679012345679,243
114,4.447761194029851,67
64,4.445229681978798,283
603,4.3875598086124405,209
12,4.385767790262173,267
50,4.3584905660377355,583
178,4.344,125
1639,4.333333333333333,3
513,4.333333333333333,72
1191,4.333333333333333,3
134,4.292929292929293,198
963,4.2926829268292686,41
427,4.292237442922374,219
357,4.291666666666667,264
98,4.28974358974359,390
480,4.284916201117318,179
127,4.283292978208232,413
285,4.265432098765432,162
272,4.262626262626263,198
251,4.260869565217392,46
657,4.259541984732825,131
474,4.252577319587629,194
174,4.252380952380952,420
479,4.251396648044692,179
1064,4.25,4
1125,4.25,4
1524,4.25,8
313,4.2457142857142856,350
511,4.23121387283237,173
641,4.212121212121212,33
484,4.2101449275362315,138
172,4.204359673024523,367
515,4.203980099502488,201
1367,4.2,5
488,4.2,65
1396,4.2,5
223,4.198529411764706,136
316,4.196428571428571,112
966,4.1923076923076925,26
187,4.186602870813397,209
498,4.184210526315789,152
199,4.175757575757576,165
170,4.1735537190082646,121
173,4.172839506172839,324
191,4.163043478260869,276
302,4.161616161616162,297
100,4.155511811023622,508
923,4.155172413793103,58
22,4.151515151515151,297
493,4.15,60
89,4.138181818181818,275
190,4.137096774193548,124
654,4.136054421768708,147
528,4.132231404958677,121
1007,4.127659574468085,47
1251,4.125,8
136,4.123809523809523,105
496,4.121212121212121,231
23,4.1208791208791204,182
192,4.120689655172414,116
166,4.120689655172414,58
489,4.115384615384615,52
478,4.115384615384615,104
113,4.111111111111111,9
165,4.109375,64
189,4.106060606060606,66
520,4.104838709677419,124
197,4.104602510460251,239
487,4.102941176470588,68
661,4.1022727272727275,88
185,4.100418410041841,239
647,4.1,70
611,4.1,40
315,4.1,160
1169,4.1,10
519,4.1,80
48,4.094017094017094,117
659,4.078260869565217,115
132,4.0772357723577235,246
651,4.076023391812866,171
168,4.0664556962025316,316
1194,4.064516129032258,31
83,4.0625,176
56,4.060913705583756,394
59,4.0602409638554215,83
194,4.058091286307054,241
633,4.057971014492754,69
124,4.053475935828877,187
615,4.0508474576271185,59
45,4.05,80
320,4.05,20
1203,4.0476190476190474,21
606,4.045454545454546,66
694,4.045454545454546,44
1142,4.045454545454546,44
180,4.04524886877828,221
79,4.044642857142857,336
613,4.037037037037037,27
183,4.034364261168385,291
648,4.029850746268656,67
709,4.028846153846154,104
525,4.027397260273973,73
530,4.025,80
589,4.023255813953488,43
524,4.021739130434782,46
527,4.02051282051282,195
490,4.02,50
60,4.015625,64
604,4.012345679012346,81
275,4.0111940298507465,268
1039,4.011111111111111,90
181,4.007889546351085,507
198,4.0078740157480315,127
96,4.0067796610169495,295
57,4.0,40
1623,4.0,3
1625,4.0,1
1616,4.0,1
1645,4.0,1
1636,4.0,1
850,4.0,4
1629,4.0,2
711,4.0,1
867,4.0,6
701,4.0,10
656,4.0,44
601,4.0,20
1604,4.0,1
1613,4.0,1
1158,4.0,4
1130,4.0,1
1512,4.0,6
1515,4.0,1
1516,4.0,3
494,4.0,56
1525,4.0,1
1593,4.0,1
1526,4.0,1
1537,4.0,4
1533,4.0,1
512,4.0,57
505,4.0,68
1080,4.0,2
430,4.0,93
1131,4.0,13
1143,4.0,15
1492,4.0,1
1498,4.0,1
1505,4.0,1
1235,4.0,1
1450,4.0,2
1452,4.0,1
1466,4.0,6
1458,4.0,1
1482,4.0,1
1674,4.0,1
1650,4.0,1
1651,4.0,1
8,3.9954337899543377,219
523,3.9939024390243905,164
705,3.9927007299270074,137
205,3.9926470588235294,136
242,3.9914529914529915,117
156,3.9864864864864864,148
213,3.985074626865672,134
482,3.984375,128
529,3.978494623655914,93
921,3.9782608695652173,46
607,3.9696969696969697,66
135,3.969111969111969,259
516,3.9682539682539684,63
1019,3.967741935483871,31
14,3.9672131147540983,183
1137,3.9655172413793105,29
297,3.96,50
19,3.9565217391304346,69
499,3.9516129032258065,62
182,3.9513274336283186,226
435,3.949074074074074,216
306,3.9479166666666665,96
176,3.9471830985915495,284
30,3.945945945945946,37
208,3.945,200
811,3.9444444444444446,18
510,3.9421487603305785,121
612,3.9411764705882355,34
86,3.94,150
429,3.9381443298969074,97
936,3.9375,32
481,3.9365079365079363,63
736,3.9358974358974357,78
246,3.935483870967742,124
195,3.9335548172757475,301
608,3.933333333333333,30
28,3.931159420289855,276
210,3.930513595166163,331
707,3.9285714285714284,70
269,3.926984126984127,315
945,3.925,40
915,3.923076923076923,13
531,3.9224806201550386,129
837,3.92,25
193,3.917197452229299,157
863,3.9166666666666665,24
196,3.9163346613545817,251
211,3.912621359223301,206
317,3.911764705882353,102
653,3.911764705882353,34
514,3.911111111111111,180
216,3.910344827586207,290
179,3.909502262443439,221
87,3.9057971014492754,138
209,3.905759162303665,191
663,3.9051724137931036,116
500,3.903225806451613,31
137,3.9005847953216373,171
1269,3.9,10
632,3.896551724137931,58
9,3.8963210702341136,299
813,3.892857142857143,56
652,3.888888888888889,90
1020,3.8857142857142857,35
475,3.884,250
655,3.881057268722467,227
1,3.8783185840707963,452
171,3.876923076923077,65
238,3.875,256
745,3.875,16
144,3.8724279835390947,243
133,3.871345029239766,171
646,3.8684210526315788,38
203,3.868131868131868,182
835,3.8666666666666667,15
1451,3.8666666666666667,15
61,3.864406779661017,59
492,3.864406779661017,59
265,3.8634361233480177,227
177,3.8613138686131387,137
463,3.859154929577465,71
1084,3.857142857142857,21
853,3.857142857142857,14
506,3.8555555555555556,90
750,3.8548387096774195,124
735,3.854014598540146,137
69,3.853582554517134,321
509,3.8512396694214877,121
11,3.847457627118644,236
1149,3.8461538461538463,26
497,3.838235294117647,68
186,3.8366533864541834,251
434,3.8358208955223883,67
204,3.834285714285714,350
423,3.8333333333333335,300
1124,3.8333333333333335,12
856,3.8333333333333335,36
902,3.8333333333333335,42
521,3.8333333333333335,120
10,3.831460674157303,89
526,3.8306451612903225,124
150,3.828025477707006,157
200,3.825242718446602,206
116,3.824,125
922,3.823529411764706,34
129,3.8217054263565893,129
504,3.819672131147541,122
1073,3.8181818181818183,66
428,3.8181818181818183,121
207,3.8181818181818183,66
175,3.8173076923076925,208
507,3.816326530612245,98
485,3.816,125
1021,3.8157894736842106,38
228,3.8155737704918034,244
645,3.814814814814815,27
95,3.8127853881278537,219
443,3.808641975308642,162
126,3.804123711340206,97
42,3.804054054054054,148
462,3.804054054054054,148
258,3.8035363457760316,509
293,3.802721088435374,147
969,3.8,75
1301,3.8,5
1193,3.8,10
868,3.8,5
7,3.798469387755102,392
486,3.796875,64
97,3.79296875,256
684,3.7928994082840237,169
268,3.792156862745098,255
588,3.792079207920792,202
467,3.7916666666666665,48
919,3.7916666666666665,96
491,3.791044776119403,67
32,3.7901234567901234,81
1103,3.789473684210526,19
958,3.7857142857142856,14
153,3.785425101214575,247
71,3.7818181818181817,220
15,3.7781569965870307,293
617,3.7777777777777777,18
469,3.7761194029850746,67
234,3.775,280
638,3.772727272727273,44
896,3.772727272727273,44
644,3.7714285714285714,35
522,3.7714285714285714,35
1101,3.77027027027027,74
432,3.7701149425287355,174
836,3.769230769230769,26
517,3.769230769230769,91
52,3.769230769230769,91
909,3.769230769230769,13
298,3.768041237113402,194
143,3.765765765765766,222
660,3.764705882352941,153
202,3.7642857142857142,280
1121,3.761904761904762,21
1062,3.75,12
634,3.75,24
851,3.75,4
459,3.75,24
1628,3.75,4
1643,3.75,4
1443,3.75,4
1612,3.75,4
1600,3.75,4
154,3.7471264367816093,174
257,3.745874587458746,303
614,3.7450980392156863,51
425,3.7411764705882353,85
1070,3.740740740740741,27
115,3.7333333333333334,15
221,3.72972972972973,74
855,3.727272727272727,66
847,3.727272727272727,55
131,3.7263157894736842,95
419,3.7247191011235956,178
93,3.7232142857142856,112
378,3.722772277227723,101
968,3.7222222222222223,18
792,3.7209302325581395,86
82,3.7203065134099615,261
283,3.7175141242937855,177
1243,3.7142857142857144,7
1462,3.7142857142857144,7
1456,3.7142857142857144,7
262,3.712121212121212,66
237,3.7109375,384
99,3.7093023255813953,172
753,3.7083333333333335,24
1286,3.7058823529411766,17
55,3.704697986577181,149
224,3.7045454545454546,44
502,3.7017543859649122,57
602,3.7,50
639,3.7,40
215,3.69811320754717,212
276,3.697986577181208,298
117,3.693121693121693,378
157,3.6929133858267718,127
253,3.6923076923076925,26
1098,3.6904761904761907,42
900,3.6904761904761907,42
433,3.690058479532164,171
718,3.6875,16
303,3.6865671641791047,134
282,3.685344827586207,232
188,3.6823529411764704,170
1005,3.6818181818181817,22
311,3.68,75
686,3.68,50
971,3.676470588235294,34
699,3.676470588235294,102
248,3.675,160
404,3.6732673267326734,101
558,3.6714285714285713,70
965,3.6666666666666665,21
1428,3.6666666666666665,12
1448,3.6666666666666665,3
1298,3.6666666666666665,9
292,3.6666666666666665,114
1368,3.6666666666666665,6
533,3.6666666666666665,15
1418,3.6666666666666665,3
1147,3.6666666666666665,21
1144,3.6666666666666665,3
1506,3.6666666666666665,3
1123,3.6666666666666665,3
470,3.6666666666666665,108
1504,3.6666666666666665,3
420,3.6666666666666665,81
1172,3.6666666666666665,15
746,3.6638655462184873,119
70,3.6613545816733066,251
495,3.6610169491525424,59
1119,3.6610169491525424,59
222,3.66027397260274,365
1063,3.658536585365854,41
610,3.658536585365854,41
286,3.656964656964657,481
344,3.6545454545454548,55
1240,3.6538461538461537,26
794,3.652173913043478,46
518,3.651685393258427,89
1050,3.6511627906976742,43
732,3.65,180
693,3.6483516483516483,91
568,3.6478260869565218,230
58,3.645714285714286,175
742,3.644194756554307,267
305,3.6436781609195403,87
346,3.642857142857143,126
503,3.641025641025641,39
152,3.6341463414634148,82
537,3.6333333333333333,30
151,3.6319018404907975,326
300,3.6310904872389793,431
31,3.6298701298701297,154
805,3.6296296296296298,27
692,3.6280487804878048,164
1262,3.625,8
1278,3.625,16
236,3.6222222222222222,45
631,3.6218487394957983,119
461,3.6216216216216215,74
543,3.619047619047619,21
961,3.6176470588235294,34
92,3.6153846153846154,104
1116,3.6153846153846154,13
1160,3.6153846153846154,26
1204,3.611111111111111,18
618,3.611111111111111,18
713,3.611111111111111,72
471,3.6108597285067874,221
887,3.609375,64
671,3.608695652173913,46
956,3.608695652173913,46
47,3.601503759398496,133
582,3.6011904761904763,168
591,3.601123595505618,178
939,3.6,60
1024,3.6,15
310,3.6,145
1375,3.6,10
1495,3.6,5
1592,3.6,5
466,3.5961538461538463,52
270,3.5955882352941178,136
508,3.5953488372093023,215
382,3.5945945945945947,111
421,3.5943396226415096,106
333,3.593625498007968,251
464,3.5925925925925926,27
287,3.58974358974359,78
164,3.589403973509934,151
91,3.5874125874125875,143
340,3.5873015873015874,189
609,3.5833333333333335,60
418,3.5813953488372094,129
703,3.5789473684210527,19
6,3.576923076923077,26
789,3.574468085106383,47
1459,3.5714285714285716,7
587,3.5714285714285716,14
1558,3.5714285714285716,7
1129,3.5714285714285716,28
566,3.569832402234637,179
710,3.569620253164557,79
273,3.569506726457399,223
549,3.5652173913043477,92
465,3.5647058823529414,85
385,3.5625,208
256,3.5625,16
125,3.557377049180328,244
162,3.556603773584906,106
1473,3.5555555555555554,9
1197,3.5555555555555554,45
675,3.5555555555555554,54
848,3.5555555555555554,9
46,3.5555555555555554,27
81,3.5545454545454547,110
163,3.5543478260869565,92
778,3.5526315789473686,76
4,3.550239234449761,209
381,3.55,100
66,3.549382716049383,162
241,3.546875,128
954,3.5454545454545454,11
1167,3.5454545454545454,11
1159,3.5454545454545454,11
584,3.5443037974683542,79
392,3.5441176470588234,68
664,3.5434782608695654,46
650,3.5416666666666665,72
88,3.539906103286385,213
331,3.5398230088495577,113
65,3.5391304347826087,115
128,3.5384615384615383,65
304,3.5369127516778525,149
431,3.5359477124183005,153
436,3.5353535353535355,99
414,3.532258064516129,62
1012,3.53,100
372,3.5294117647058822,34
673,3.5232558139534884,86
201,3.5168539325842696,89
307,3.515957446808511,188
993,3.515151515151515,66
628,3.514792899408284,169
239,3.513333333333333,150
347,3.510948905109489,137
447,3.5041322314049586,121
1656,3.5,2
1485,3.5,4
1472,3.5,2
445,3.5,22
730,3.5,24
1233,3.5,6
1237,3.5,6
1223,3.5,4
973,3.5,4
274,3.5,190
1202,3.5,8
691,3.5,16
141,3.5,72
1541,3.5,2
361,3.5,10
359,3.5,18
107,3.5,42
1097,3.5,18
1631,3.5,2
793,3.5,10
1646,3.5,2
501,3.4959349593495936,123
1065,3.490566037735849,53
942,3.488888888888889,45
1221,3.4871794871794872,39
724,3.486842105263158,76
354,3.486111111111111,72
111,3.485294117647059,272
416,3.484375,64
642,3.4831460674157304,89
1136,3.4827586206896552,29
161,3.481818181818182,220
729,3.4814814814814814,81
250,3.4771573604060912,197
740,3.4761904761904763,63
865,3.4761904761904763,21
708,3.4752475247524752,101
943,3.475,40
1153,3.473684210526316,19
147,3.4702702702702704,185
73,3.46875,128
959,3.46875,64
888,3.466666666666667,15
845,3.465909090909091,176
277,3.464788732394366,71
402,3.4647058823529413,170
160,3.463768115942029,69
332,3.4615384615384617,143
1218,3.4615384615384617,26
1099,3.4615384615384617,13
747,3.4607843137254903,102
727,3.4603174603174605,63
806,3.46,50
1016,3.45985401459854,137
367,3.458823529411765,170
1053,3.4583333333333335,24
690,3.458064516129032,155
51,3.45679012345679,81
212,3.4565217391304346,92
744,3.4565217391304346,92
218,3.456140350877193,171
1067,3.4545454545454546,44
33,3.4536082474226806,97
26,3.452054794520548,73
904,3.45,20
741,3.4482758620689653,58
24,3.4482758620689653,174
230,3.4472361809045227,199
267,3.4444444444444446,9
721,3.4444444444444446,54
899,3.4444444444444446,9
389,3.4444444444444446,27
25,3.4436860068259385,293
288,3.4414225941422596,478
121,3.438228438228438,429
1022,3.4375,32
184,3.4310344827586206,116
109,3.4307692307692306,130
1109,3.4285714285714284,28
1111,3.4285714285714284,7
1075,3.4285714285714284,7
917,3.4285714285714284,7
1152,3.4285714285714284,28
403,3.427860696517413,201
751,3.4277777777777776,180
662,3.426829268292683,82
697,3.425,40
538,3.4242424242424243,66
328,3.4237288135593222,295
616,3.421875,64
1277,3.4210526315789473,19
13,3.4184782608695654,184
68,3.417910447761194,134
658,3.4177215189873418,79
1483,3.4166666666666665,12
20,3.4166666666666665,72
1211,3.4166666666666665,12
1115,3.413793103448276,29
393,3.4114583333333335,192
955,3.4081632653061225,49
76,3.4074074074074074,54
937,3.4054054054054053,37
295,3.4025974025974026,77
924,3.4,85
1175,3.4,5
1302,3.4,5
1406,3.4,5
345,3.4,65
1431,3.4,5
649,3.4,50
1138,3.4,5
762,3.391304347826087,115
763,3.389261744966443,149
448,3.388235294117647,85
754,3.3859649122807016,57
770,3.3859649122807016,57
889,3.3846153846153846,13
1192,3.3846153846153846,13
387,3.3846153846153846,65
356,3.381443298969072,97
206,3.38,50
1008,3.3783783783783785,37
596,3.377952755905512,127
327,3.3771428571428572,175
1009,3.375,64
854,3.375,16
1226,3.375,32
580,3.375,32
291,3.37007874015748,127
220,3.3636363636363638,66
1190,3.3636363636363638,11
1176,3.3636363636363638,22
255,3.36046511627907,172
326,3.36,175
334,3.359375,64
622,3.358974358974359,39
844,3.357142857142857,42
685,3.356687898089172,157
226,3.355421686746988,166
605,3.3548387096774195,31
214,3.3508771929824563,114
451,3.347058823529412,170
1126,3.34375,32
44,3.3417721518987342,79
547,3.341463414634146,41
366,3.3404255319148937,47
949,3.3380281690140845,71
676,3.3376623376623376,77
629,3.3376623376623376,77
380,3.336206896551724,116
1148,3.3333333333333335,9
1463,3.3333333333333335,3
1186,3.3333333333333335,3
296,3.3333333333333335,6
394,3.3333333333333335,12
964,3.3333333333333335,9
1220,3.3333333333333335,30
329,3.3333333333333335,45
1388,3.3333333333333335,6
781,3.3333333333333335,84
1326,3.3333333333333335,6
1405,3.3333333333333335,6
592,3.3333333333333335,9
1141,3.3333333333333335,9
1607,3.3333333333333335,3
1602,3.3333333333333335,3
1155,3.3333333333333335,3
1468,3.3333333333333335,6
1154,3.3333333333333335,12
625,3.3292682926829267,82
925,3.323529411764706,34
739,3.323170731707317,164
49,3.3209876543209877,81
866,3.319327731092437,119
532,3.3181818181818183,22
953,3.3181818181818183,22
1168,3.3181818181818183,22
1134,3.3157894736842106,38
405,3.313953488372093,344
755,3.3125,96
468,3.3125,64
534,3.3076923076923075,13
752,3.3076923076923075,39
301,3.3043478260869565,230
399,3.303370786516854,89
5,3.302325581395349,86
536,3.3,10
1268,3.3,10
1114,3.3,10
348,3.2962962962962963,27
882,3.2941176470588234,34
630,3.2903225806451615,31
233,3.2903225806451615,124
279,3.2857142857142856,28
884,3.2857142857142856,7
935,3.2857142857142856,7
1200,3.2857142857142856,7
1086,3.2857142857142856,21
1531,3.2857142857142856,7
553,3.2857142857142856,63
1264,3.2857142857142856,7
550,3.2847682119205297,151
227,3.279503105590062,161
77,3.2781456953642385,151
715,3.2758620689655173,87
319,3.2738095238095237,168
1113,3.272727272727273,22
1195,3.272727272727273,11
624,3.272727272727273,22
879,3.2720588235294117,136
1058,3.2666666666666666,15
39,3.264367816091954,87
101,3.26027397260274,73
874,3.2564102564102564,39
339,3.25531914893617,47
1118,3.25531914893617,47
455,3.2551724137931033,145
1377,3.25,4
1296,3.25,20
1664,3.25,4
1426,3.25,8
1261,3.25,4
1381,3.25,8
1010,3.25,44
626,3.25,4
1499,3.25,4
1174,3.25,8
970,3.25,8
249,3.246153846153846,130
1051,3.2439024390243905,41
636,3.241758241758242,91
54,3.2403846153846154,104
1017,3.24,50
1045,3.24,25
960,3.24,25
947,3.235294117647059,17
123,3.234782608695652,115
278,3.2333333333333334,60
271,3.2322274881516586,211
815,3.232142857142857,112
714,3.230769230769231,13
1404,3.230769230769231,13
787,3.230769230769231,13
883,3.230769230769231,13
1187,3.230769230769231,13
159,3.227722772277228,101
627,3.2266666666666666,75
1011,3.225806451612903,93
1044,3.225,40
898,3.2241379310344827,58
1282,3.2222222222222223,9
1620,3.2222222222222223,9
905,3.2222222222222223,27
1401,3.2222222222222223,18
776,3.2222222222222223,9
581,3.2203389830508473,59
895,3.2169811320754715,106
118,3.2150170648464163,293
140,3.2131147540983607,61
477,3.210526315789474,95
1245,3.210526315789474,19
562,3.2083333333333335,48
365,3.2083333333333335,48
232,3.207920792079208,101
2,3.2061068702290076,131
16,3.2051282051282053,39
833,3.204081632653061,49
148,3.203125,128
799,3.2,5
1055,3.2,10
1056,3.2,10
1397,3.2,5
360,3.2,10
390,3.2,10
1511,3.2,5
733,3.2,15
1344,3.2,5
979,3.2,35
72,3.193798449612403,129
1041,3.193548387096774,62
906,3.1904761904761907,21
280,3.1882352941176473,85
1018,3.1875,32
559,3.1824817518248176,137
980,3.1818181818181817,22
1421,3.1818181818181817,11
972,3.1785714285714284,28
952,3.1777777777777776,45
749,3.176470588235294,51
1046,3.1739130434782608,46
619,3.171875,64
219,3.171171171171171,111
880,3.169491525423729,59
927,3.1666666666666665,6
1166,3.1666666666666665,12
967,3.1666666666666665,12
1469,3.1666666666666665,12
535,3.1666666666666665,54
1266,3.1666666666666665,12
593,3.1666666666666665,12
1591,3.1666666666666665,6
916,3.1666666666666665,18
244,3.1666666666666665,48
1328,3.1666666666666665,6
1069,3.1666666666666665,18
1068,3.1666666666666665,12
371,3.1641791044776117,67
864,3.1627906976744184,86
312,3.1625,80
1035,3.161764705882353,68
995,3.161290322580645,31
284,3.160621761658031,193
975,3.159090909090909,44
217,3.158333333333333,120
294,3.156701030927835,485
716,3.1551724137931036,58
544,3.1549295774647885,71
1281,3.1538461538461537,13
785,3.1538461538461537,39
731,3.1538461538461537,39
578,3.152173913043478,92
597,3.150485436893204,206
689,3.1494252873563218,87
842,3.1481481481481484,27
946,3.1475409836065573,61
723,3.1470588235294117,34
350,3.1463414634146343,41
281,3.143835616438356,146
1042,3.142857142857143,28
1294,3.142857142857143,7
1313,3.142857142857143,14
1514,3.142857142857143,7
1198,3.142857142857143,7
1171,3.142857142857143,14
409,3.142857142857143,70
62,3.141732283464567,127
696,3.1392405063291138,79
324,3.136,125
1446,3.1333333333333333,15
1285,3.1333333333333333,15
962,3.130434782608696,23
1315,3.130434782608696,23
321,3.1301775147928996,169
102,3.1296296296296298,54
410,3.1296296296296298,162
473,3.126984126984127,126
1077,3.125,8
1238,3.125,8
748,3.1234177215189876,316
458,3.1222222222222222,90
17,3.119565217391304,92
557,3.1176470588235294,17
928,3.1153846153846154,104
290,3.1145833333333335,96
1150,3.111111111111111,9
229,3.111111111111111,171
812,3.111111111111111,18
766,3.111111111111111,9
903,3.111111111111111,18
1004,3.111111111111111,9
245,3.1083333333333334,240
1117,3.1052631578947367,19
27,3.1052631578947367,57
155,3.1020408163265305,98
570,3.1,50
1400,3.1,10
1503,3.1,10
63,3.097560975609756,82
343,3.096774193548387,124
797,3.096774193548387,31
417,3.095890410958904,73
872,3.0952380952380953,42
595,3.09375,64
620,3.0930232558139537,43
341,3.090909090909091,11
990,3.090909090909091,33
94,3.0875912408759123,137
322,3.0871559633027523,218
1093,3.0869565217391304,23
796,3.0833333333333335,36
472,3.0822784810126582,158
41,3.081081081081081,37
712,3.0784313725490198,51
108,3.076923076923077,65
768,3.076923076923077,52
886,3.0754716981132075,53
1170,3.074074074074074,27
142,3.0701754385964914,57
846,3.0681818181818183,44
561,3.0677966101694913,59
941,3.0652173913043477,46
772,3.061224489795918,49
1014,3.061224489795918,98
682,3.06,100
1107,3.0555555555555554,18
1265,3.0526315789473686,19
90,3.0526315789473686,95
1060,3.051282051282051,39
67,3.0485436893203883,103
679,3.046728971962617,107
761,3.0454545454545454,44
821,3.0454545454545454,22
704,3.0416666666666665,24
1028,3.0405405405405403,148
825,3.036144578313253,83
85,3.0344827586206895,58
449,3.034188034188034,117
3,3.033333333333333,90
546,3.031496062992126,254
974,3.03125,32
637,3.026315789473684,38
330,3.024390243902439,41
640,3.024390243902439,82
720,3.0232558139534884,86
728,3.022222222222222,45
576,3.021505376344086,93
702,3.018867924528302,53
476,3.01875,160
1048,3.0136986301369864,73
38,3.0083333333333333,120
1677,3.0,1
1679,3.0,1
1667,3.0,1
1675,3.0,1
1668,3.0,1
1670,3.0,1
1673,3.0,1
1510,3.0,1
1518,3.0,12
1519,3.0,2
1520,3.0,1
1681,3.0,1
677,3.0,1
1481,3.0,2
1488,3.0,4
918,3.0,8
1460,3.0,1
1457,3.0,1
84,3.0,18
1454,3.0,6
1447,3.0,1
1603,3.0,1
460,3.0,28
1611,3.0,2
1614,3.0,1
1439,3.0,8
1156,3.0,1
944,3.0,43
698,3.0,10
1589,3.0,4
1597,3.0,5
1615,3.0,10
1647,3.0,1
1657,3.0,1
1507,3.0,1
1658,3.0,3
1372,3.0,3
1331,3.0,4
1358,3.0,2
1440,3.0,5
1205,3.0,6
74,3.0,7
75,3.0,5
1216,3.0,6
869,3.0,24
1267,3.0,33
1196,3.0,3
992,3.0,4
1554,3.0,2
1106,3.0,4
1120,3.0,17
1605,3.0,4
643,3.0,4
670,3.0,36
1104,3.0,4
912,3.0,9
1617,3.0,2
1236,3.0,1
1248,3.0,19
1632,3.0,1
1630,3.0,1
1619,3.0,1
1547,3.0,2
1497,3.0,2
1491,3.0,2
1252,3.0,9
1490,3.0,3
1000,3.0,10
1542,3.0,2
1501,3.0,5
1543,3.0,1
1550,3.0,2
149,3.0,23
1085,3.0,11
1066,3.0,16
1538,3.0,3
1535,3.0,4
1627,3.0,1
600,3.0,2
857,3.0,1
780,3.0,69
843,3.0,30
583,3.0,37
337,3.0,18
1043,3.0,8
1521,3.0,4
1523,3.0,2
1299,3.0,8
1306,3.0,2
1310,3.0,1
1312,3.0,7
1288,3.0,7
1389,3.0,3
1682,3.0,1
1641,3.0,1
1635,3.0,1
1637,3.0,1
1638,3.0,1
1640,3.0,1
1633,3.0,1
43,3.0,40
822,3.0,4
1649,3.0,1
737,2.983050847457627,59
289,2.9806949806949805,259
1135,2.9782608695652173,46
379,2.9767441860465116,43
308,2.966666666666667,30
1133,2.966666666666667,30
873,2.962962962962963,81
1074,2.961038961038961,77
167,2.955223880597015,67
53,2.953125,128
252,2.9430379746835444,158
773,2.9411764705882355,17
573,2.9393939393939394,33
774,2.9375,32
323,2.933333333333333,240
1263,2.933333333333333,15
881,2.933333333333333,45
1025,2.9318181818181817,44
299,2.9315068493150687,73
1061,2.9310344827586206,29
722,2.9310344827586206,58
355,2.926829268292683,41
934,2.926470588235294,68
932,2.925,40
623,2.923076923076923,39
342,2.923076923076923,52
1161,2.923076923076923,13
695,2.923076923076923,13
1244,2.9166666666666665,36
411,2.914110429447853,163
790,2.909090909090909,66
621,2.909090909090909,11
1127,2.909090909090909,11
225,2.908256880733945,109
809,2.9069767441860463,43
349,2.903225806451613,31
1219,2.9,20
950,2.9,30
756,2.8984375,128
373,2.8974358974358974,39
674,2.8958333333333335,48
40,2.8947368421052633,57
1279,2.888888888888889,9
810,2.888888888888889,45
106,2.887323943661972,71
800,2.8846153846153846,26
1157,2.88,25
938,2.88,25
823,2.8780487804878048,82
541,2.877551020408163,49
454,2.875,16
1475,2.875,8
804,2.875,8
1032,2.875,16
1071,2.875,16
1217,2.871794871794872,39
1199,2.869565217391304,23
552,2.8666666666666667,45
985,2.8636363636363638,22
984,2.8636363636363638,44
309,2.857142857142857,28
1379,2.857142857142857,7
1409,2.857142857142857,7
1110,2.8536585365853657,41
1208,2.85,20
235,2.847926267281106,217
1284,2.8461538461538463,26
422,2.8461538461538463,26
426,2.84375,32
989,2.84375,32
415,2.84,25
738,2.838709677419355,31
808,2.838709677419355,31
1047,2.8358208955223883,134
376,2.8333333333333335,24
1212,2.8333333333333335,6
1105,2.8333333333333335,18
1474,2.8333333333333335,6
1249,2.8333333333333335,12
1297,2.8333333333333335,12
1015,2.8333333333333335,12
665,2.83,100
1006,2.8260869565217392,23
1038,2.823529411764706,17
362,2.8214285714285716,28
370,2.8205128205128207,39
951,2.8205128205128207,39
717,2.817073170731707,82
386,2.8160919540229883,87
396,2.814814814814815,54
801,2.8125,16
765,2.8125,32
678,2.808219178082192,219
554,2.803921568627451,102
401,2.8026315789473686,76
1540,2.8,10
1385,2.8,5
567,2.8,35
1427,2.8,5
18,2.8,10
1333,2.8,5
1529,2.8,5
1517,2.8,5
1496,2.8,5
982,2.8,20
1112,2.8,15
999,2.8,10
240,2.7884615384615383,156
384,2.782608695652174,69
1033,2.78125,32
139,2.78,50
870,2.7777777777777777,9
807,2.7777777777777777,9
820,2.774193548387097,93
1188,2.772727272727273,44
1078,2.772727272727273,22
827,2.7719298245614037,57
1059,2.7714285714285714,35
775,2.769230769230769,26
80,2.764705882352941,68
335,2.761904761904762,21
21,2.761904761904762,84
818,2.76,25
572,2.7586206896551726,29
764,2.7586206896551726,29
824,2.7551020408163267,49
892,2.7547169811320753,53
1369,2.75,4
1479,2.75,8
725,2.75,16
1347,2.75,4
1410,2.75,4
1403,2.75,4
1402,2.75,4
1081,2.75,8
1036,2.75,24
841,2.75,48
838,2.75,4
1413,2.75,8
1560,2.75,4
1429,2.75,4
757,2.75,4
1260,2.75,4
1553,2.75,4
1445,2.75,4
391,2.7457627118644066,59
264,2.742574257425743,101
635,2.739130434782609,23
1210,2.736842105263158,38
875,2.7358490566037736,53
1273,2.7333333333333334,15
783,2.72972972972973,37
560,2.727272727272727,22
914,2.727272727272727,11
363,2.723404255319149,47
672,2.723076923076923,65
1478,2.7222222222222223,18
400,2.7222222222222223,18
1091,2.7209302325581395,43
444,2.717391304347826,46
849,2.7169811320754715,53
1271,2.7142857142857144,7
1316,2.7142857142857144,7
34,2.7142857142857144,7
266,2.7142857142857144,35
926,2.702970297029703,101
876,2.702127659574468,47
569,2.701492537313433,67
929,2.7,40
802,2.7,40
930,2.7,80
819,2.7,40
351,2.7,20
977,2.693877551020408,49
1128,2.6923076923076925,13
828,2.6923076923076925,13
1280,2.6875,16
259,2.685185185185185,162
1283,2.6842105263157894,19
1206,2.6842105263157894,19
231,2.683098591549296,142
565,2.6818181818181817,22
1163,2.68,25
1222,2.68,25
586,2.676470588235294,34
364,2.675675675675676,37
1370,2.6666666666666665,3
1356,2.6666666666666665,3
706,2.6666666666666665,6
1484,2.6666666666666665,3
29,2.6666666666666665,114
1357,2.6666666666666665,3
1361,2.6666666666666665,3
1355,2.6666666666666665,6
1224,2.6666666666666665,12
1323,2.6666666666666665,3
859,2.6666666666666665,15
1096,2.6666666666666665,3
817,2.6666666666666665,3
1027,2.6666666666666665,3
1386,2.6666666666666665,6
1544,2.6666666666666665,3
891,2.6666666666666665,6
1145,2.6666666666666665,9
452,2.6666666666666665,66
1241,2.6666666666666665,6
840,2.660377358490566,53
338,2.659340659340659,91
760,2.652173913043478,46
829,2.6470588235294117,34
786,2.642857142857143,14
1225,2.642857142857143,14
413,2.6363636363636362,55
369,2.6363636363636362,55
1335,2.6363636363636362,11
771,2.6341463414634148,41
579,2.6315789473684212,19
336,2.627906976744186,43
1132,2.625,32
1100,2.625,8
1082,2.625,8
1095,2.6206896551724137,29
158,2.6166666666666667,60
358,2.6153846153846154,143
1139,2.606060606060606,33
1242,2.6,5
1555,2.6,5
700,2.6,15
1040,2.6,25
1470,2.6,5
1353,2.6,5
782,2.6,10
1425,2.6,10
395,2.5892857142857144,56
397,2.5833333333333335,12
1023,2.5806451612903225,31
138,2.5789473684210527,19
826,2.575,80
260,2.574803149606299,127
1435,2.5714285714285716,7
1441,2.5714285714285716,7
1173,2.5714285714285716,7
1295,2.5714285714285716,7
1411,2.5714285714285716,28
105,2.5675675675675675,74
441,2.5660377358490565,53
986,2.5652173913043477,23
998,2.5625,16
680,2.5588235294117645,34
261,2.558139534883721,43
803,2.5555555555555554,9
779,2.5483870967741935,31
325,2.546875,128
832,2.5454545454545454,22
575,2.5454545454545454,44
877,2.5384615384615383,52
1209,2.533333333333333,15
542,2.5294117647058822,51
1258,2.5217391304347827,23
1049,2.52,25
1034,2.5185185185185186,27
978,2.5185185185185186,27
734,2.5185185185185186,27
110,2.5161290322580645,31
878,2.515151515151515,33
540,2.511627906976744,43
407,2.511627906976744,43
913,2.5,2
1342,2.5,2
1585,2.5,2
791,2.5,10
1184,2.5,10
1598,2.5,6
911,2.5,4
1026,2.5,4
1311,2.5,16
1455,2.5,2
908,2.5,20
1181,2.5,10
1180,2.5,10
1276,2.5,8
571,2.5,28
1436,2.5,2
1477,2.5,2
1573,2.5,2
1417,2.5,2
1434,2.5,10
1231,2.5,22
1092,2.5,12
556,2.5,12
1321,2.5,2
1330,2.5,4
1275,2.5,4
996,2.5,14
1545,2.5,4
987,2.5,4
146,2.5,10
1083,2.5,6
1662,2.5,2
839,2.5,4
1304,2.5,2
585,2.4871794871794872,39
539,2.477272727272727,44
1178,2.473684210526316,19
1444,2.473684210526316,19
1232,2.4705882352941178,17
831,2.4615384615384617,91
1228,2.4583333333333335,48
1314,2.4545454545454546,11
78,2.4545454545454546,33
769,2.4523809523809526,42
254,2.4516129032258065,62
112,2.45,20
406,2.4489795918367347,49
145,2.4461538461538463,65
446,2.4444444444444446,9
1239,2.4444444444444446,18
681,2.4444444444444446,27
1415,2.4444444444444446,9
1471,2.4444444444444446,9
243,2.4393939393939394,132
1305,2.4285714285714284,7
726,2.4285714285714284,14
1394,2.4285714285714284,7
1253,2.4285714285714284,7
1399,2.4285714285714284,7
933,2.4285714285714284,21
893,2.4285714285714284,14
353,2.4285714285714284,14
1527,2.4285714285714284,7
1072,2.4285714285714284,7
1102,2.4285714285714284,7
1522,2.4285714285714284,7
795,2.4285714285714284,21
816,2.4285714285714284,21
551,2.4166666666666665,24
1094,2.4166666666666665,12
563,2.413793103448276,29
719,2.413793103448276,29
683,2.4081632653061225,49
1090,2.4054054054054053,37
1108,2.4,5
666,2.4,5
594,2.4,5
1346,2.4,5
1416,2.4,5
1324,2.4,5
871,2.4,75
1442,2.4,5
1438,2.4,5
983,2.4,15
412,2.3978494623655915,93
450,2.3968253968253967,63
388,2.392857142857143,28
1227,2.375,8
1234,2.375,8
940,2.34375,32
122,2.339622641509434,106
1464,2.3333333333333335,3
1430,2.3333333333333335,3
1300,2.3333333333333335,9
1380,2.3333333333333335,6
1303,2.3333333333333335,18
1327,2.3333333333333335,3
1395,2.3333333333333335,6
1424,2.3333333333333335,3
1322,2.3333333333333335,6
1622,2.3333333333333335,3
1465,2.3333333333333335,3
1337,2.3333333333333335,9
1508,2.3333333333333335,3
1528,2.3333333333333335,3
861,2.3333333333333335,3
1057,2.3181818181818183,22
988,2.313953488372093,86
456,2.3125,48
1182,2.3076923076923075,13
1054,2.3043478260869565,23
1140,2.2941176470588234,17
1207,2.2941176470588234,17
1013,2.289473684210526,38
1031,2.2857142857142856,7
994,2.2857142857142856,7
1270,2.2857142857142856,7
1052,2.28,25
1185,2.2777777777777777,18
1480,2.272727272727273,11
374,2.272727272727273,11
130,2.260869565217391,23
1423,2.25,4
1407,2.25,20
1422,2.25,4
598,2.25,4
1338,2.25,4
860,2.25,16
1255,2.25,8
1608,2.25,4
1003,2.25,8
1076,2.25,12
1030,2.25,20
37,2.25,8
1079,2.2444444444444445,45
991,2.24,25
120,2.2388059701492535,67
885,2.230769230769231,13
1088,2.230769230769231,13
798,2.2222222222222223,9
577,2.2195121951219514,41
1183,2.210526315789474,19
834,2.2,25
574,2.2,15
1489,2.2,5
1378,2.2,5
920,2.2,5
1291,2.2,15
687,2.1884057971014492,69
35,2.1818181818181817,11
759,2.1818181818181817,11
767,2.1818181818181817,11
1213,2.1666666666666665,6
1164,2.1666666666666665,6
667,2.1666666666666665,12
1534,2.1666666666666665,6
548,2.1666666666666665,12
668,2.1666666666666665,6
948,2.1666666666666665,48
931,2.1578947368421053,57
263,2.1578947368421053,19
36,2.1538461538461537,13
377,2.1538461538461537,13
1229,2.1538461538461537,13
1376,2.142857142857143,7
1151,2.142857142857143,7
1289,2.142857142857143,7
1089,2.1315789473684212,38
997,2.125,16
1419,2.125,16
352,2.1153846153846154,26
1393,2.111111111111111,9
1179,2.111111111111111,9
862,2.111111111111111,18
398,2.076923076923077,26
383,2.064516129032258,31
564,2.037037037037037,27
1665,2.0,1
1669,2.0,1
1392,2.0,5
1391,2.0,3
1624,2.0,1
1345,2.0,2
1362,2.0,2
1332,2.0,2
1590,2.0,2
1595,2.0,1
1588,2.0,2
1414,2.0,1
1634,2.0,1
1351,2.0,3
590,2.0,18
1648,2.0,1
1530,2.0,5
1532,2.0,2
1666,2.0,1
1037,2.0,24
1655,2.0,1
1383,2.0,6
1387,2.0,3
1390,2.0,2
1596,2.0,1
1259,2.0,4
1256,2.0,3
957,2.0,2
1382,2.0,4
1317,2.0,4
907,2.0,2
910,2.0,4
1606,2.0,1
1610,2.0,3
1433,2.0,2
1437,2.0,9
1214,2.0,9
1453,2.0,1
1476,2.0,1
1146,2.0,3
1578,2.0,2
1551,2.0,2
1556,2.0,2
1552,2.0,3
1676,2.0,1
1672,2.0,2
1663,2.0,1
1660,2.0,1
1487,2.0,5
1001,2.0,17
1029,2.0,14
1513,2.0,3
1461,2.0,1
1680,2.0,1
555,2.0,10
375,1.9565217391304348,23
890,1.9534883720930232,43
743,1.9487179487179487,39
453,1.9375,16
1215,1.9333333333333333,30
901,1.9166666666666667,12
368,1.903225806451613,31
894,1.894736842105263,19
1002,1.875,8
103,1.8666666666666667,15
1165,1.8571428571428572,14
1177,1.8571428571428572,7
688,1.8409090909090908,44
976,1.8333333333333333,12
1247,1.8333333333333333,6
545,1.8333333333333333,12
1230,1.8333333333333333,18
1254,1.8181818181818181,11
1336,1.8,10
1272,1.8,5
247,1.8,5
981,1.75,8
1539,1.75,4
1319,1.75,4
1257,1.75,4
457,1.7407407407407407,27
1274,1.7272727272727273,11
758,1.7142857142857142,21
1087,1.7,10
1652,1.6666666666666667,3
788,1.6666666666666667,3
1609,1.6666666666666667,3
1384,1.6666666666666667,3
1412,1.6666666666666667,6
1292,1.6666666666666667,3
440,1.6428571428571428,14
669,1.6153846153846154,13
1509,1.6,5
1162,1.6,5
1246,1.5714285714285714,7
1307,1.5,2
1371,1.5,2
1250,1.5,6
1290,1.5,2
1549,1.5,2
1350,1.5,2
897,1.5,2
1360,1.5,2
1365,1.5,2
1644,1.5,2
1502,1.5,2
104,1.4,5
1287,1.3333333333333333,6
1420,1.3333333333333333,3
1318,1.3333333333333333,3
424,1.3157894736842106,19
777,1.25,4
442,1.25,4
438,1.1666666666666667,6
1352,1.0,1
1349,1.0,1
1661,1.0,1
830,1.0,1
1348,1.0,1
1659,1.0,1
437,1.0,5
1577,1.0,1
1576,1.0,1
1575,1.0,1
1572,1.0,1
1574,1.0,1
1571,1.0,1
1570,1.0,1
1566,1.0,1
1569,1.0,1
1568,1.0,1
1567,1.0,1
1564,1.0,1
1565,1.0,1
1563,1.0,1
1562,1.0,1
1671,1.0,1
1561,1.0,1
1559,1.0,1
1557,1.0,1
1546,1.0,1
1548,1.0,1
1494,1.0,1
1493,1.0,1
599,1.0,1
1654,1.0,1
1678,1.0,1
1581,1.0,1
1580,1.0,1
439,1.0,5
1582,1.0,1
1583,1.0,1
1329,1.0,1
1587,1.0,1
1586,1.0,1
1408,1.0,3
314,1.0,5
1309,1.0,1
1432,1.0,3
1584,1.0,1
1579,1.0,1
1486,1.0,1
1374,1.0,2
1364,1.0,1
1325,1.0,1
1373,1.0,1
1366,1.0,1
1308,1.0,2
1354,1.0,2
1601,1.0,1
1320,1.0,1
1359,1.0,2
1340,1.0,1
1341,1.0,1
1334,1.0,2
1339,1.0,1
1363,1.0,1
1343,1.0,1
1621,1.0,1
1618,1.0,1
1626,1.0,1
784,1.0,2
852,1.0,1
858,1.0,3
